File Name,/Volumes/SONY_8X/qPCR/LC 15 FEB 2024_20240215_114817.eds,,,,,,,,,,,,,,,,,,,,
Comment,,,,,,,,,,,,,,,,,,,,,
Operator,Guest,,,,,,,,,,,,,,,,,,,,
Barcode,,,,,,,,,,,,,,,,,,,,,
Instrument Type,QuantStudio™ 6 Pro System,,,,,,,,,,,,,,,,,,,,
Block Type,384-Well Block,,,,,,,,,,,,,,,,,,,,
Instrument Name,2778621090009,,,,,,,,,,,,,,,,,,,,
Instrument Serial Number,2778621090009,,,,,,,,,,,,,,,,,,,,
Heated Cover Serial Number,2779321081205,,,,,,,,,,,,,,,,,,,,
Block Serial Number,2778321081219,,,,,,,,,,,,,,,,,,,,
Run Start Date/Time,2024-02-15 11:48:05 AM EST,,,,,,,,,,,,,,,,,,,,
Run End Date/Time,2024-02-15 01:20:40 PM EST,,,,,,,,,,,,,,,,,,,,
Run Duration,92 minutes 34 seconds,,,,,,,,,,,,,,,,,,,,
Sample Volume,10.0,,,,,,,,,,,,,,,,,,,,
Cover Temperature,105.0,,,,,,,,,,,,,,,,,,,,
Passive Reference,ROX,,,,,,,,,,,,,,,,,,,,
PCR Stage/Step Number,Stage 2 Step 2,,,,,,,,,,,,,,,,,,,,
Quantification Cycle Method,CT,,,,,,,,,,,,,,,,,,,,
Analysis Date/Time,2024-02-15 01:21:15 PM EST,,,,,,,,,,,,,,,,,,,,
Software Name and Version,Design & Analysis Software v2.6.0,,,,,,,,,,,,,,,,,,,,
Plugin Name and Version,"Primary Analysis v1.7.0, Standard Curve v1.6.0",,,,,,,,,,,,,,,,,,,,
Exported On,2024-02-15 02:22:06 PM EST,,,,,,,,,,,,,,,,,,,,
,,,,,,,,,,,,,,,,,,,,,
[Results],,,,,,,,,,,,,,,,,,,,,
Well,Well Position,Sample Name,Target Name,Task,Reporter,Quencher,Amp Status,CT,Cq Mean,Cq Confidence,Cq SD,Auto Threshold,Threshold,Auto Baseline,Baseline Start,Baseline End,Tm1,Tm2,Tm3,Tm4,Omit
1,A1,C1,CYB,UNKNOWN,FAM,NFQ-MGB,Amp,18.15924057,17.95590488,0.976018216,0.287560096,TRUE,0.493090908,TRUE,3,11,,,,,FALSE
2,A2,C1,CYB,UNKNOWN,FAM,NFQ-MGB,Amp,17.75256919,17.95590488,0.987003217,0.287560096,TRUE,0.493090908,TRUE,3,11,,,,,FALSE
3,A3,,,,,,,,,,,,,,,,,,,,
4,A4,C1 IFN,CYB,UNKNOWN,FAM,NFQ-MGB,Amp,17.60077369,17.57588583,0.984696649,0.03519675,TRUE,0.493090908,TRUE,3,10,,,,,FALSE
5,A5,C1 IFN,CYB,UNKNOWN,FAM,NFQ-MGB,Amp,17.55099797,17.57588583,0.980860793,0.03519675,TRUE,0.493090908,TRUE,3,11,,,,,FALSE
6,A6,,,,,,,,,,,,,,,,,,,,
7,A7,C1 DDC,CYB,UNKNOWN,FAM,NFQ-MGB,Amp,21.46246116,21.49535161,0.979809618,0.04651412,TRUE,0.493090908,TRUE,3,14,,,,,FALSE
8,A8,C1 DDC,CYB,UNKNOWN,FAM,NFQ-MGB,Amp,21.52824206,21.49535161,0.985717916,0.04651412,TRUE,0.493090908,TRUE,3,15,,,,,FALSE
9,A9,,,,,,,,,,,,,,,,,,,,
10,A10,C1 ++,CYB,UNKNOWN,FAM,NFQ-MGB,Amp,21.11660909,20.91777125,0.978097592,0.281199167,TRUE,0.493090908,TRUE,3,14,,,,,FALSE
11,A11,C1 ++,CYB,UNKNOWN,FAM,NFQ-MGB,Amp,20.71893341,20.91777125,0.984876802,0.281199167,TRUE,0.493090908,TRUE,3,13,,,,,FALSE
12,A12,,,,,,,,,,,,,,,,,,,,
13,A13,,,,,,,,,,,,,,,,,,,,
14,A14,,,,,,,,,,,,,,,,,,,,
15,A15,,,,,,,,,,,,,,,,,,,,
16,A16,,,,,,,,,,,,,,,,,,,,
17,A17,,,,,,,,,,,,,,,,,,,,
18,A18,,,,,,,,,,,,,,,,,,,,
19,A19,,,,,,,,,,,,,,,,,,,,
20,A20,,,,,,,,,,,,,,,,,,,,
21,A21,,,,,,,,,,,,,,,,,,,,
22,A22,,,,,,,,,,,,,,,,,,,,
23,A23,,,,,,,,,,,,,,,,,,,,
24,A24,,,,,,,,,,,,,,,,,,,,
25,B1,C1,ND2,UNKNOWN,FAM,NFQ-MGB,Amp,17.69113699,17.79310356,0.987007226,0.144202507,TRUE,0.361380385,TRUE,3,11,,,,,FALSE
26,B2,C1,ND2,UNKNOWN,FAM,NFQ-MGB,Amp,17.89507013,17.79310356,0.983733816,0.144202507,TRUE,0.361380385,TRUE,3,12,,,,,FALSE
27,B3,,,,,,,,,,,,,,,,,,,,
28,B4,C1 IFN,ND2,UNKNOWN,FAM,NFQ-MGB,Amp,17.68570562,17.59956089,0.981268882,0.121827039,TRUE,0.361380385,TRUE,3,10,,,,,FALSE
29,B5,C1 IFN,ND2,UNKNOWN,FAM,NFQ-MGB,Amp,17.51341617,17.59956089,0.981512458,0.121827039,TRUE,0.361380385,TRUE,3,11,,,,,FALSE
30,B6,,,,,,,,,,,,,,,,,,,,
31,B7,C1 DDC,ND2,UNKNOWN,FAM,NFQ-MGB,Amp,21.05121581,20.95309055,0.9868631,0.138770082,TRUE,0.361380385,TRUE,3,14,,,,,FALSE
32,B8,C1 DDC,ND2,UNKNOWN,FAM,NFQ-MGB,Amp,20.85496528,20.95309055,0.990341204,0.138770082,TRUE,0.361380385,TRUE,3,15,,,,,FALSE
33,B9,,,,,,,,,,,,,,,,,,,,
34,B10,C1 ++,ND2,UNKNOWN,FAM,NFQ-MGB,Amp,20.84682088,20.83017194,0.99004635,0.023545156,TRUE,0.361380385,TRUE,3,15,,,,,FALSE
35,B11,C1 ++,ND2,UNKNOWN,FAM,NFQ-MGB,Amp,20.813523,20.83017194,0.988864964,0.023545156,TRUE,0.361380385,TRUE,3,14,,,,,FALSE
36,B12,,,,,,,,,,,,,,,,,,,,
37,B13,,,,,,,,,,,,,,,,,,,,
38,B14,,,,,,,,,,,,,,,,,,,,
39,B15,,,,,,,,,,,,,,,,,,,,
40,B16,,,,,,,,,,,,,,,,,,,,
41,B17,,,,,,,,,,,,,,,,,,,,
42,B18,,,,,,,,,,,,,,,,,,,,
43,B19,,,,,,,,,,,,,,,,,,,,
44,B20,,,,,,,,,,,,,,,,,,,,
45,B21,,,,,,,,,,,,,,,,,,,,
46,B22,,,,,,,,,,,,,,,,,,,,
47,B23,,,,,,,,,,,,,,,,,,,,
48,B24,,,,,,,,,,,,,,,,,,,,
49,C1,C1,ACTIN,UNKNOWN,FAM,NFQ-MGB,Amp,25.41901349,25.43022212,0.979892135,0.015851398,TRUE,0.353398052,TRUE,3,19,,,,,FALSE
50,C2,C1,ACTIN,UNKNOWN,FAM,NFQ-MGB,Amp,25.44143075,25.43022212,0.981108842,0.015851398,TRUE,0.353398052,TRUE,3,19,,,,,FALSE
51,C3,,,,,,,,,,,,,,,,,,,,
52,C4,C1 IFN,ACTIN,UNKNOWN,FAM,NFQ-MGB,Amp,25.13245525,25.14669972,0.980808442,0.020144732,TRUE,0.353398052,TRUE,3,19,,,,,FALSE
53,C5,C1 IFN,ACTIN,UNKNOWN,FAM,NFQ-MGB,Amp,25.1609442,25.14669972,0.986319261,0.020144732,TRUE,0.353398052,TRUE,3,19,,,,,FALSE
54,C6,,,,,,,,,,,,,,,,,,,,
55,C7,C1 DDC,ACTIN,UNKNOWN,FAM,NFQ-MGB,Amp,25.64208875,25.66170982,0.982342359,0.027748383,TRUE,0.353398052,TRUE,3,20,,,,,FALSE
56,C8,C1 DDC,ACTIN,UNKNOWN,FAM,NFQ-MGB,Amp,25.68133089,25.66170982,0.981088559,0.027748383,TRUE,0.353398052,TRUE,3,19,,,,,FALSE
57,C9,,,,,,,,,,,,,,,,,,,,
58,C10,C1 ++,ACTIN,UNKNOWN,FAM,NFQ-MGB,Amp,24.80786406,24.77387411,0.981534089,0.048069053,TRUE,0.353398052,TRUE,3,18,,,,,FALSE
59,C11,C1 ++,ACTIN,UNKNOWN,FAM,NFQ-MGB,Amp,24.73988416,24.77387411,0.980325771,0.048069053,TRUE,0.353398052,TRUE,3,18,,,,,FALSE
60,C12,,,,,,,,,,,,,,,,,,,,
61,C13,,,,,,,,,,,,,,,,,,,,
62,C14,,,,,,,,,,,,,,,,,,,,
63,C15,,,,,,,,,,,,,,,,,,,,
64,C16,,,,,,,,,,,,,,,,,,,,
65,C17,,,,,,,,,,,,,,,,,,,,
66,C18,,,,,,,,,,,,,,,,,,,,
67,C19,,,,,,,,,,,,,,,,,,,,
68,C20,,,,,,,,,,,,,,,,,,,,
69,C21,,,,,,,,,,,,,,,,,,,,
70,C22,,,,,,,,,,,,,,,,,,,,
71,C23,,,,,,,,,,,,,,,,,,,,
72,C24,,,,,,,,,,,,,,,,,,,,
73,D1,,,,,,,,,,,,,,,,,,,,
74,D2,,,,,,,,,,,,,,,,,,,,
75,D3,,,,,,,,,,,,,,,,,,,,
76,D4,,,,,,,,,,,,,,,,,,,,
77,D5,,,,,,,,,,,,,,,,,,,,
78,D6,,,,,,,,,,,,,,,,,,,,
79,D7,,,,,,,,,,,,,,,,,,,,
80,D8,,,,,,,,,,,,,,,,,,,,
81,D9,,,,,,,,,,,,,,,,,,,,
82,D10,,,,,,,,,,,,,,,,,,,,
83,D11,,,,,,,,,,,,,,,,,,,,
84,D12,,,,,,,,,,,,,,,,,,,,
85,D13,,,,,,,,,,,,,,,,,,,,
86,D14,,,,,,,,,,,,,,,,,,,,
87,D15,,,,,,,,,,,,,,,,,,,,
88,D16,,,,,,,,,,,,,,,,,,,,
89,D17,,,,,,,,,,,,,,,,,,,,
90,D18,,,,,,,,,,,,,,,,,,,,
91,D19,,,,,,,,,,,,,,,,,,,,
92,D20,,,,,,,,,,,,,,,,,,,,
93,D21,,,,,,,,,,,,,,,,,,,,
94,D22,,,,,,,,,,,,,,,,,,,,
95,D23,,,,,,,,,,,,,,,,,,,,
96,D24,,,,,,,,,,,,,,,,,,,,
97,E1,ISG15,CYB,UNKNOWN,FAM,NFQ-MGB,Amp,16.86003041,16.77323978,0.978705967,0.122740492,TRUE,0.493090908,TRUE,3,10,,,,,FALSE
98,E2,ISG15,CYB,UNKNOWN,FAM,NFQ-MGB,Amp,16.68644914,16.77323978,0.979307753,0.122740492,TRUE,0.493090908,TRUE,3,9,,,,,FALSE
99,E3,,,,,,,,,,,,,,,,,,,,
100,E4,ISG15 IFN,CYB,UNKNOWN,FAM,NFQ-MGB,Amp,16.72426223,16.82290563,0.981148245,0.139502833,TRUE,0.493090908,TRUE,3,9,,,,,FALSE
101,E5,ISG15 IFN,CYB,UNKNOWN,FAM,NFQ-MGB,Amp,16.92154903,16.82290563,0.986514956,0.139502833,TRUE,0.493090908,TRUE,3,10,,,,,FALSE
102,E6,,,,,,,,,,,,,,,,,,,,
103,E7,ISG15 DDC,CYB,UNKNOWN,FAM,NFQ-MGB,Amp,22.92094804,23.05832246,0.989069148,0.194276766,TRUE,0.493090908,TRUE,3,15,,,,,FALSE
104,E8,ISG15 DDC,CYB,UNKNOWN,FAM,NFQ-MGB,Amp,23.19569688,23.05832246,0.972884221,0.194276766,TRUE,0.493090908,TRUE,3,16,,,,,FALSE
105,E9,,,,,,,,,,,,,,,,,,,,
106,E10,ISG15 ++,CYB,UNKNOWN,FAM,NFQ-MGB,Amp,22.03553593,22.06244698,0.981317041,0.03805798,TRUE,0.493090908,TRUE,3,14,,,,,FALSE
107,E11,ISG15 ++,CYB,UNKNOWN,FAM,NFQ-MGB,Amp,22.08935804,22.06244698,0.980824905,0.03805798,TRUE,0.493090908,TRUE,3,15,,,,,FALSE
108,E12,,,,,,,,,,,,,,,,,,,,
109,E13,,,,,,,,,,,,,,,,,,,,
110,E14,,,,,,,,,,,,,,,,,,,,
111,E15,,,,,,,,,,,,,,,,,,,,
112,E16,,,,,,,,,,,,,,,,,,,,
113,E17,,,,,,,,,,,,,,,,,,,,
114,E18,,,,,,,,,,,,,,,,,,,,
115,E19,,,,,,,,,,,,,,,,,,,,
116,E20,,,,,,,,,,,,,,,,,,,,
117,E21,,,,,,,,,,,,,,,,,,,,
118,E22,,,,,,,,,,,,,,,,,,,,
119,E23,,,,,,,,,,,,,,,,,,,,
120,E24,,,,,,,,,,,,,,,,,,,,
121,F1,ISG15,ND2,UNKNOWN,FAM,NFQ-MGB,Amp,16.52712805,16.6475699,0.986252222,0.170330502,TRUE,0.361380385,TRUE,3,10,,,,,FALSE
122,F2,ISG15,ND2,UNKNOWN,FAM,NFQ-MGB,Amp,16.76801175,16.6475699,0.973489321,0.170330502,TRUE,0.361380385,TRUE,3,11,,,,,FALSE
123,F3,,,,,,,,,,,,,,,,,,,,
124,F4,ISG15 IFN,ND2,UNKNOWN,FAM,NFQ-MGB,Amp,16.68717607,16.72035367,0.985381699,0.046920217,TRUE,0.361380385,TRUE,3,10,,,,,FALSE
125,F5,ISG15 IFN,ND2,UNKNOWN,FAM,NFQ-MGB,Amp,16.75353127,16.72035367,0.98086469,0.046920217,TRUE,0.361380385,TRUE,3,10,,,,,FALSE
126,F6,,,,,,,,,,,,,,,,,,,,
127,F7,ISG15 DDC,ND2,UNKNOWN,FAM,NFQ-MGB,Amp,22.67573123,22.53187095,0.981507788,0.203449164,TRUE,0.361380385,TRUE,3,16,,,,,FALSE
128,F8,ISG15 DDC,ND2,UNKNOWN,FAM,NFQ-MGB,Amp,22.38801067,22.53187095,0.984473762,0.203449164,TRUE,0.361380385,TRUE,3,16,,,,,FALSE
129,F9,,,,,,,,,,,,,,,,,,,,
130,F10,ISG15 ++,ND2,UNKNOWN,FAM,NFQ-MGB,Amp,21.60374665,21.53960817,0.979969787,0.090705506,TRUE,0.361380385,TRUE,3,16,,,,,FALSE
131,F11,ISG15 ++,ND2,UNKNOWN,FAM,NFQ-MGB,Amp,21.47546969,21.53960817,0.971716102,0.090705506,TRUE,0.361380385,TRUE,3,16,,,,,FALSE
132,F12,,,,,,,,,,,,,,,,,,,,
133,F13,,,,,,,,,,,,,,,,,,,,
134,F14,,,,,,,,,,,,,,,,,,,,
135,F15,,,,,,,,,,,,,,,,,,,,
136,F16,,,,,,,,,,,,,,,,,,,,
137,F17,,,,,,,,,,,,,,,,,,,,
138,F18,,,,,,,,,,,,,,,,,,,,
139,F19,,,,,,,,,,,,,,,,,,,,
140,F20,,,,,,,,,,,,,,,,,,,,
141,F21,,,,,,,,,,,,,,,,,,,,
142,F22,,,,,,,,,,,,,,,,,,,,
143,F23,,,,,,,,,,,,,,,,,,,,
144,F24,,,,,,,,,,,,,,,,,,,,
145,G1,ISG15,ACTIN,UNKNOWN,FAM,NFQ-MGB,Amp,24.95444308,24.77967797,0.981202494,0.247155183,TRUE,0.353398052,TRUE,3,19,,,,,FALSE
146,G2,ISG15,ACTIN,UNKNOWN,FAM,NFQ-MGB,Amp,24.60491287,24.77967797,0.975037208,0.247155183,TRUE,0.353398052,TRUE,3,18,,,,,FALSE
147,G3,,,,,,,,,,,,,,,,,,,,
148,G4,ISG15 IFN,ACTIN,UNKNOWN,FAM,NFQ-MGB,Amp,24.76959824,24.75784244,0.978496126,0.016625202,TRUE,0.353398052,TRUE,3,18,,,,,FALSE
149,G5,ISG15 IFN,ACTIN,UNKNOWN,FAM,NFQ-MGB,Amp,24.74608665,24.75784244,0.983196834,0.016625202,TRUE,0.353398052,TRUE,3,19,,,,,FALSE
150,G6,,,,,,,,,,,,,,,,,,,,
151,G7,ISG15 DDC,ACTIN,UNKNOWN,FAM,NFQ-MGB,Amp,25.12025994,25.06998214,0.970064432,0.071103539,TRUE,0.353398052,TRUE,3,19,,,,,FALSE
152,G8,ISG15 DDC,ACTIN,UNKNOWN,FAM,NFQ-MGB,Amp,25.01970435,25.06998214,0.978386233,0.071103539,TRUE,0.353398052,TRUE,3,19,,,,,FALSE
153,G9,,,,,,,,,,,,,,,,,,,,
154,G10,ISG15 ++,ACTIN,UNKNOWN,FAM,NFQ-MGB,Amp,24.95988932,25.08211981,0.98512341,0.172860025,TRUE,0.353398052,TRUE,3,18,,,,,FALSE
155,G11,ISG15 ++,ACTIN,UNKNOWN,FAM,NFQ-MGB,Amp,25.20435031,25.08211981,0.974431154,0.172860025,TRUE,0.353398052,TRUE,3,19,,,,,FALSE
156,G12,,,,,,,,,,,,,,,,,,,,
157,G13,,,,,,,,,,,,,,,,,,,,
158,G14,,,,,,,,,,,,,,,,,,,,
159,G15,,,,,,,,,,,,,,,,,,,,
160,G16,,,,,,,,,,,,,,,,,,,,
161,G17,,,,,,,,,,,,,,,,,,,,
162,G18,,,,,,,,,,,,,,,,,,,,
163,G19,,,,,,,,,,,,,,,,,,,,
164,G20,,,,,,,,,,,,,,,,,,,,
165,G21,,,,,,,,,,,,,,,,,,,,
166,G22,,,,,,,,,,,,,,,,,,,,
167,G23,,,,,,,,,,,,,,,,,,,,
168,G24,,,,,,,,,,,,,,,,,,,,
169,H1,,,,,,,,,,,,,,,,,,,,
170,H2,,,,,,,,,,,,,,,,,,,,
171,H3,,,,,,,,,,,,,,,,,,,,
172,H4,,,,,,,,,,,,,,,,,,,,
173,H5,,,,,,,,,,,,,,,,,,,,
174,H6,,,,,,,,,,,,,,,,,,,,
175,H7,,,,,,,,,,,,,,,,,,,,
176,H8,,,,,,,,,,,,,,,,,,,,
177,H9,,,,,,,,,,,,,,,,,,,,
178,H10,,,,,,,,,,,,,,,,,,,,
179,H11,,,,,,,,,,,,,,,,,,,,
180,H12,,,,,,,,,,,,,,,,,,,,
181,H13,,,,,,,,,,,,,,,,,,,,
182,H14,,,,,,,,,,,,,,,,,,,,
183,H15,,,,,,,,,,,,,,,,,,,,
184,H16,,,,,,,,,,,,,,,,,,,,
185,H17,,,,,,,,,,,,,,,,,,,,
186,H18,,,,,,,,,,,,,,,,,,,,
187,H19,,,,,,,,,,,,,,,,,,,,
188,H20,,,,,,,,,,,,,,,,,,,,
189,H21,,,,,,,,,,,,,,,,,,,,
190,H22,,,,,,,,,,,,,,,,,,,,
191,H23,,,,,,,,,,,,,,,,,,,,
192,H24,,,,,,,,,,,,,,,,,,,,
193,I1,USP18,CYB,UNKNOWN,FAM,NFQ-MGB,Amp,18.04208659,18.27696171,0.974603339,0.332163571,TRUE,0.493090908,TRUE,3,11,,,,,FALSE
194,I2,USP18,CYB,UNKNOWN,FAM,NFQ-MGB,Amp,18.51183682,18.27696171,0.982507784,0.332163571,TRUE,0.493090908,TRUE,3,12,,,,,FALSE
195,I3,,,,,,,,,,,,,,,,,,,,
196,I4,USP18 IFN,CYB,UNKNOWN,FAM,NFQ-MGB,Amp,18.05509203,18.06386597,0.980580466,0.012408211,TRUE,0.493090908,TRUE,3,10,,,,,FALSE
197,I5,USP18 IFN,CYB,UNKNOWN,FAM,NFQ-MGB,Amp,18.0726399,18.06386597,0.974116641,0.012408211,TRUE,0.493090908,TRUE,3,11,,,,,FALSE
198,I6,,,,,,,,,,,,,,,,,,,,
199,I7,USP18 DDC,CYB,UNKNOWN,FAM,NFQ-MGB,Amp,20.60851616,20.71930547,0.98718872,0.156679752,TRUE,0.493090908,TRUE,3,14,,,,,FALSE
200,I8,USP18 DDC,CYB,UNKNOWN,FAM,NFQ-MGB,Amp,20.83009479,20.71930547,0.979187554,0.156679752,TRUE,0.493090908,TRUE,3,14,,,,,FALSE
201,I9,,,,,,,,,,,,,,,,,,,,
202,I10,USP18 ++,CYB,UNKNOWN,FAM,NFQ-MGB,Amp,20.00831716,20.02940842,0.981888599,0.029827557,TRUE,0.493090908,TRUE,3,13,,,,,FALSE
203,I11,USP18 ++,CYB,UNKNOWN,FAM,NFQ-MGB,Amp,20.05049969,20.02940842,0.982434292,0.029827557,TRUE,0.493090908,TRUE,3,13,,,,,FALSE
204,I12,,,,,,,,,,,,,,,,,,,,
205,I13,,,,,,,,,,,,,,,,,,,,
206,I14,,,,,,,,,,,,,,,,,,,,
207,I15,,,,,,,,,,,,,,,,,,,,
208,I16,,,,,,,,,,,,,,,,,,,,
209,I17,,,,,,,,,,,,,,,,,,,,
210,I18,,,,,,,,,,,,,,,,,,,,
211,I19,,,,,,,,,,,,,,,,,,,,
212,I20,,,,,,,,,,,,,,,,,,,,
213,I21,,,,,,,,,,,,,,,,,,,,
214,I22,,,,,,,,,,,,,,,,,,,,
215,I23,,,,,,,,,,,,,,,,,,,,
216,I24,,,,,,,,,,,,,,,,,,,,
217,J1,USP18,ND2,UNKNOWN,FAM,NFQ-MGB,Amp,18.22237568,18.4203245,0.971596446,0.2799419,TRUE,0.361380385,TRUE,3,12,,,,,FALSE
218,J2,USP18,ND2,UNKNOWN,FAM,NFQ-MGB,Amp,18.61827332,18.4203245,0.979663185,0.2799419,TRUE,0.361380385,TRUE,3,12,,,,,FALSE
219,J3,,,,,,,,,,,,,,,,,,,,
220,J4,USP18 IFN,ND2,UNKNOWN,FAM,NFQ-MGB,Amp,18.07332205,18.13378799,0.979775573,0.085511757,TRUE,0.361380385,TRUE,3,12,,,,,FALSE
221,J5,USP18 IFN,ND2,UNKNOWN,FAM,NFQ-MGB,Amp,18.19425394,18.13378799,0.977161447,0.085511757,TRUE,0.361380385,TRUE,3,12,,,,,FALSE
222,J6,,,,,,,,,,,,,,,,,,,,
223,J7,USP18 DDC,ND2,UNKNOWN,FAM,NFQ-MGB,Amp,20.9803615,21.23092561,0.984821446,0.354351162,TRUE,0.361380385,TRUE,3,14,,,,,FALSE
224,J8,USP18 DDC,ND2,UNKNOWN,FAM,NFQ-MGB,Amp,21.48148972,21.23092561,0.97748729,0.354351162,TRUE,0.361380385,TRUE,3,15,,,,,FALSE
225,J9,,,,,,,,,,,,,,,,,,,,
226,J10,USP18 ++,ND2,UNKNOWN,FAM,NFQ-MGB,Amp,19.65179518,19.79308464,0.982955508,0.199813474,TRUE,0.361380385,TRUE,3,12,,,,,FALSE
227,J11,USP18 ++,ND2,UNKNOWN,FAM,NFQ-MGB,Amp,19.9343741,19.79308464,0.981755058,0.199813474,TRUE,0.361380385,TRUE,3,14,,,,,FALSE
228,J12,,,,,,,,,,,,,,,,,,,,
229,J13,,,,,,,,,,,,,,,,,,,,
230,J14,,,,,,,,,,,,,,,,,,,,
231,J15,,,,,,,,,,,,,,,,,,,,
232,J16,,,,,,,,,,,,,,,,,,,,
233,J17,,,,,,,,,,,,,,,,,,,,
234,J18,,,,,,,,,,,,,,,,,,,,
235,J19,,,,,,,,,,,,,,,,,,,,
236,J20,,,,,,,,,,,,,,,,,,,,
237,J21,,,,,,,,,,,,,,,,,,,,
238,J22,,,,,,,,,,,,,,,,,,,,
239,J23,,,,,,,,,,,,,,,,,,,,
240,J24,,,,,,,,,,,,,,,,,,,,
241,K1,USP18,ACTIN,UNKNOWN,FAM,NFQ-MGB,Amp,25.94162223,26.10846161,0.974969241,0.235946512,TRUE,0.353398052,TRUE,3,19,,,,,FALSE
242,K2,USP18,ACTIN,UNKNOWN,FAM,NFQ-MGB,Amp,26.27530099,26.10846161,0.971224087,0.235946512,TRUE,0.353398052,TRUE,3,19,,,,,FALSE
243,K3,,,,,,,,,,,,,,,,,,,,
244,K4,USP18 IFN,ACTIN,UNKNOWN,FAM,NFQ-MGB,Amp,25.28315696,25.21621427,0.974077052,0.094671255,TRUE,0.353398052,TRUE,3,19,,,,,FALSE
245,K5,USP18 IFN,ACTIN,UNKNOWN,FAM,NFQ-MGB,Amp,25.14927159,25.21621427,0.983461017,0.094671255,TRUE,0.353398052,TRUE,3,19,,,,,FALSE
246,K6,,,,,,,,,,,,,,,,,,,,
247,K7,USP18 DDC,ACTIN,UNKNOWN,FAM,NFQ-MGB,Amp,25.29561474,25.81017426,0.973798297,0.727697042,TRUE,0.353398052,TRUE,3,19,,,,,FALSE
248,K8,USP18 DDC,ACTIN,UNKNOWN,FAM,NFQ-MGB,Amp,26.32473377,25.81017426,0.970279864,0.727697042,TRUE,0.353398052,TRUE,3,20,,,,,FALSE
249,K9,,,,,,,,,,,,,,,,,,,,
250,K10,USP18 ++,ACTIN,UNKNOWN,FAM,NFQ-MGB,Amp,25.1761103,25.05855335,0.974276412,0.166250631,TRUE,0.353398052,TRUE,3,19,,,,,FALSE
251,K11,USP18 ++,ACTIN,UNKNOWN,FAM,NFQ-MGB,Amp,24.9409964,25.05855335,0.971812511,0.166250631,TRUE,0.353398052,TRUE,3,18,,,,,FALSE
252,K12,,,,,,,,,,,,,,,,,,,,
253,K13,,,,,,,,,,,,,,,,,,,,
254,K14,,,,,,,,,,,,,,,,,,,,
255,K15,,,,,,,,,,,,,,,,,,,,
256,K16,,,,,,,,,,,,,,,,,,,,
257,K17,,,,,,,,,,,,,,,,,,,,
258,K18,,,,,,,,,,,,,,,,,,,,
259,K19,,,,,,,,,,,,,,,,,,,,
260,K20,,,,,,,,,,,,,,,,,,,,
261,K21,,,,,,,,,,,,,,,,,,,,
262,K22,,,,,,,,,,,,,,,,,,,,
263,K23,,,,,,,,,,,,,,,,,,,,
264,K24,,,,,,,,,,,,,,,,,,,,
265,L1,,,,,,,,,,,,,,,,,,,,
266,L2,,,,,,,,,,,,,,,,,,,,
267,L3,,,,,,,,,,,,,,,,,,,,
268,L4,,,,,,,,,,,,,,,,,,,,
269,L5,,,,,,,,,,,,,,,,,,,,
270,L6,,,,,,,,,,,,,,,,,,,,
271,L7,,,,,,,,,,,,,,,,,,,,
272,L8,,,,,,,,,,,,,,,,,,,,
273,L9,,,,,,,,,,,,,,,,,,,,
274,L10,,,,,,,,,,,,,,,,,,,,
275,L11,,,,,,,,,,,,,,,,,,,,
276,L12,,,,,,,,,,,,,,,,,,,,
277,L13,,,,,,,,,,,,,,,,,,,,
278,L14,,,,,,,,,,,,,,,,,,,,
279,L15,,,,,,,,,,,,,,,,,,,,
280,L16,,,,,,,,,,,,,,,,,,,,
281,L17,,,,,,,,,,,,,,,,,,,,
282,L18,,,,,,,,,,,,,,,,,,,,
283,L19,,,,,,,,,,,,,,,,,,,,
284,L20,,,,,,,,,,,,,,,,,,,,
285,L21,,,,,,,,,,,,,,,,,,,,
286,L22,,,,,,,,,,,,,,,,,,,,
287,L23,,,,,,,,,,,,,,,,,,,,
288,L24,,,,,,,,,,,,,,,,,,,,
289,M1,NTC,CYB,UNKNOWN,FAM,NFQ-MGB,No Amp,Undetermined,,0,,TRUE,0.493090908,TRUE,3,39,,,,,FALSE
290,M2,NTC,CYB,UNKNOWN,FAM,NFQ-MGB,No Amp,Undetermined,,0,,TRUE,0.493090908,TRUE,3,39,,,,,FALSE
291,M3,NTC,CYB,UNKNOWN,FAM,NFQ-MGB,No Amp,Undetermined,,0,,TRUE,0.493090908,TRUE,3,39,,,,,FALSE
292,M4,NTC,ND2,UNKNOWN,FAM,NFQ-MGB,No Amp,Undetermined,,0,,TRUE,0.361380385,TRUE,3,39,,,,,FALSE
293,M5,NTC,ND2,UNKNOWN,FAM,NFQ-MGB,No Amp,Undetermined,,0,,TRUE,0.361380385,TRUE,3,39,,,,,FALSE
294,M6,NTC,ND2,UNKNOWN,FAM,NFQ-MGB,No Amp,Undetermined,,0,,TRUE,0.361380385,TRUE,3,39,,,,,FALSE
295,M7,NTC,ACTIN,UNKNOWN,FAM,NFQ-MGB,No Amp,Undetermined,,0,,TRUE,0.353398052,TRUE,3,39,,,,,FALSE
296,M8,NTC,ACTIN,UNKNOWN,FAM,NFQ-MGB,No Amp,Undetermined,,0,,TRUE,0.353398052,TRUE,3,39,,,,,FALSE
297,M9,NTC,ACTIN,UNKNOWN,FAM,NFQ-MGB,No Amp,Undetermined,,0,,TRUE,0.353398052,TRUE,3,39,,,,,FALSE
298,M10,,,,,,,,,,,,,,,,,,,,
299,M11,,,,,,,,,,,,,,,,,,,,
300,M12,,,,,,,,,,,,,,,,,,,,
301,M13,,,,,,,,,,,,,,,,,,,,
302,M14,,,,,,,,,,,,,,,,,,,,
303,M15,,,,,,,,,,,,,,,,,,,,
304,M16,,,,,,,,,,,,,,,,,,,,
305,M17,,,,,,,,,,,,,,,,,,,,
306,M18,,,,,,,,,,,,,,,,,,,,
307,M19,,,,,,,,,,,,,,,,,,,,
308,M20,,,,,,,,,,,,,,,,,,,,
309,M21,,,,,,,,,,,,,,,,,,,,
310,M22,,,,,,,,,,,,,,,,,,,,
311,M23,,,,,,,,,,,,,,,,,,,,
312,M24,,,,,,,,,,,,,,,,,,,,
313,N1,,,,,,,,,,,,,,,,,,,,
314,N2,,,,,,,,,,,,,,,,,,,,
315,N3,,,,,,,,,,,,,,,,,,,,
316,N4,,,,,,,,,,,,,,,,,,,,
317,N5,,,,,,,,,,,,,,,,,,,,
318,N6,,,,,,,,,,,,,,,,,,,,
319,N7,,,,,,,,,,,,,,,,,,,,
320,N8,,,,,,,,,,,,,,,,,,,,
321,N9,,,,,,,,,,,,,,,,,,,,
322,N10,,,,,,,,,,,,,,,,,,,,
323,N11,,,,,,,,,,,,,,,,,,,,
324,N12,,,,,,,,,,,,,,,,,,,,
325,N13,,,,,,,,,,,,,,,,,,,,
326,N14,,,,,,,,,,,,,,,,,,,,
327,N15,,,,,,,,,,,,,,,,,,,,
328,N16,,,,,,,,,,,,,,,,,,,,
329,N17,,,,,,,,,,,,,,,,,,,,
330,N18,,,,,,,,,,,,,,,,,,,,
331,N19,,,,,,,,,,,,,,,,,,,,
332,N20,,,,,,,,,,,,,,,,,,,,
333,N21,,,,,,,,,,,,,,,,,,,,
334,N22,,,,,,,,,,,,,,,,,,,,
335,N23,,,,,,,,,,,,,,,,,,,,
336,N24,,,,,,,,,,,,,,,,,,,,
337,O1,,,,,,,,,,,,,,,,,,,,
338,O2,,,,,,,,,,,,,,,,,,,,
339,O3,,,,,,,,,,,,,,,,,,,,
340,O4,,,,,,,,,,,,,,,,,,,,
341,O5,,,,,,,,,,,,,,,,,,,,
342,O6,,,,,,,,,,,,,,,,,,,,
343,O7,,,,,,,,,,,,,,,,,,,,
344,O8,,,,,,,,,,,,,,,,,,,,
345,O9,,,,,,,,,,,,,,,,,,,,
346,O10,,,,,,,,,,,,,,,,,,,,
347,O11,,,,,,,,,,,,,,,,,,,,
348,O12,,,,,,,,,,,,,,,,,,,,
349,O13,,,,,,,,,,,,,,,,,,,,
350,O14,,,,,,,,,,,,,,,,,,,,
351,O15,,,,,,,,,,,,,,,,,,,,
352,O16,,,,,,,,,,,,,,,,,,,,
353,O17,,,,,,,,,,,,,,,,,,,,
354,O18,,,,,,,,,,,,,,,,,,,,
355,O19,,,,,,,,,,,,,,,,,,,,
356,O20,,,,,,,,,,,,,,,,,,,,
357,O21,,,,,,,,,,,,,,,,,,,,
358,O22,,,,,,,,,,,,,,,,,,,,
359,O23,,,,,,,,,,,,,,,,,,,,
360,O24,,,,,,,,,,,,,,,,,,,,
361,P1,,,,,,,,,,,,,,,,,,,,
362,P2,,,,,,,,,,,,,,,,,,,,
363,P3,,,,,,,,,,,,,,,,,,,,
364,P4,,,,,,,,,,,,,,,,,,,,
365,P5,,,,,,,,,,,,,,,,,,,,
366,P6,,,,,,,,,,,,,,,,,,,,
367,P7,,,,,,,,,,,,,,,,,,,,
368,P8,,,,,,,,,,,,,,,,,,,,
369,P9,,,,,,,,,,,,,,,,,,,,
370,P10,,,,,,,,,,,,,,,,,,,,
371,P11,,,,,,,,,,,,,,,,,,,,
372,P12,,,,,,,,,,,,,,,,,,,,
373,P13,,,,,,,,,,,,,,,,,,,,
374,P14,,,,,,,,,,,,,,,,,,,,
375,P15,,,,,,,,,,,,,,,,,,,,
376,P16,,,,,,,,,,,,,,,,,,,,
377,P17,,,,,,,,,,,,,,,,,,,,
378,P18,,,,,,,,,,,,,,,,,,,,
379,P19,,,,,,,,,,,,,,,,,,,,
380,P20,,,,,,,,,,,,,,,,,,,,
381,P21,,,,,,,,,,,,,,,,,,,,
382,P22,,,,,,,,,,,,,,,,,,,,
383,P23,,,,,,,,,,,,,,,,,,,,
384,P24,,,,,,,,,,,,,,,,,,,,